1,ABC1234,false,false,false,true,false,true,false,false,true,false,false,false,F,21,,11,1.000,1.000,1.000,1,07/09/15,123,Excluded,N/A,,false,,,,,,,false,,0,,,,,,,,,,,,,,,,,,,,,,,,,,,,,,
2,ZZZ1234,false,false,false,false,false,true,false,true,false,true,false,false,F,21,,,1.000,1.000,1.000,1,08/09/15,1234,Excluded,N/A,,false,,,,,,,false,,0, , , , , , , , , , , , , , , , , , , , , , , , , , , , , , 
3,ABC2134,false,false,false,false,true,false,false,true,false,false,true,false,F,1,111,,1.000,1.000,11.000,1,31/08/15,1234,Excluded,N/A,,false,,,,,,,false,,0,,,,,,,,,,,,,,,,,,,,,,,,,,,,,,
4,ASD1234,false,false,false,false,true,false,true,false,false,true,true,false,F,1,,70,1.000,1.000,1.000,1,08/09/15,1234,Excluded,N/A,,false,,,,,15/09/15,11,false,,0,,,,,,,,,,,,,,,,,,,,,,,,,,,,,,
5,ABC4321,false,false,false,false,true,true,false,true,false,true,false,false,F,1,150,,1.000,1.000,1.000,1,22/09/15,1234,Excluded,N/A,,false,,,,,,,false,,0,,,,,,,,,,,,,,,,,,,,,,,,,,,,,,
