<?xml version="1.0" encoding="UTF-8"?>
<project-private xmlns="http://www.netbeans.org/ns/project-private/1">
    <editor-bookmarks xmlns="http://www.netbeans.org/ns/editor-bookmarks/2" lastBookmarkId="0"/>
    <open-files xmlns="http://www.netbeans.org/ns/projectui-open-files/2">
        <group>
            <file>file:/D:/MV/Clinical/Screening%20Protocol/JAVA/PatientForm7.0.2_beta/src/AddInfo/AddInfoPane.java</file>
            <file>file:/D:/MV/Clinical/Screening%20Protocol/JAVA/PatientForm7.0.2_beta/src/patientform7/PatientForm7.java</file>
            <file>file:/D:/MV/Clinical/Screening%20Protocol/JAVA/PatientForm7.0.2_beta/src/ScreeningForm/ScreeningFormPane.java</file>
            <file>file:/D:/MV/Clinical/Screening%20Protocol/JAVA/PatientForm7.0.2_beta/src/ScreeningForm/patient.java</file>
            <file>file:/D:/MV/Clinical/Screening%20Protocol/JAVA/PatientForm7.0.2_beta/src/patientInfo/PatientInfoPane.java</file>
        </group>
    </open-files>
</project-private>
